{"version": 403704096, "bounding": {"minX": -319.037903, "minY": -58.840092, "minZ": -300.549286, "maxX": 319.037903, "maxY": 80.832367, "maxZ": 208.905502}, "textureNames": ["body_a_02", "l_eye", "body_04", "body_05", "body_03", "r_eye", "body_02", "body_a_01"], "shaderNames": ["shader", "MalamarBodyEffect"], "groups": [{"boneIndex": 0, "meshIndex": 0, "bounding": {"minX": -319.037903, "minY": -58.840092, "minZ": -300.549286, "maxX": 319.037903, "maxY": 80.832367, "maxZ": 208.905502}, "layer": 0}], "collisionGroups": []}