{"version": 403704096, "bounding": {"minX": -319.037903, "minY": -58.840092, "minZ": -300.549286, "maxX": 319.037903, "maxY": 80.832367, "maxZ": 208.905502}, "textureNames": ["body_a_00", "body_b_01", "body_a_01", "beam_a", "l_eye", "beam_b", "body_b_00", "r_eye"], "shaderNames": ["shader"], "groups": [{"boneIndex": 58, "meshIndex": 0, "bounding": {"minX": -319.037903, "minY": -58.840092, "minZ": -300.549286, "maxX": 319.037903, "maxY": 80.832367, "maxZ": 208.905502}, "layer": 0}], "collisionGroups": []}