{"version": 403704096, "bounding": {"minX": -319.037903, "minY": -58.840092, "minZ": -300.549286, "maxX": 319.037903, "maxY": 80.832367, "maxZ": 208.905502}, "textureNames": ["body_a_00", "l_eye_a", "body_b", "body_a_01", "r_eye_c", "l_eye_c", "r_eye_a", "eye_b"], "shaderNames": ["shader"], "groups": [{"boneIndex": 58, "meshIndex": 0, "bounding": {"minX": -319.037903, "minY": -58.840092, "minZ": -300.549286, "maxX": 319.037903, "maxY": 80.832367, "maxZ": 208.905502}, "layer": 0}], "collisionGroups": []}