{"version": 403704096, "bounding": {"minX": -319.037903, "minY": -58.840092, "minZ": -300.549286, "maxX": 319.037903, "maxY": 80.832367, "maxZ": 208.905502}, "textureNames": ["l_eye", "body_a", "body_c_00", "body_e", "body_b", "body_c_01", "r_eye"], "shaderNames": ["shader"], "groups": [{"boneIndex": 0, "meshIndex": 0, "bounding": {"minX": -319.037903, "minY": -58.840092, "minZ": -300.549286, "maxX": 319.037903, "maxY": 80.832367, "maxZ": 208.905502}, "layer": 0}], "collisionGroups": []}