{"version":403704096,"bounding":{"minX":-319.037903,"minY":-58.840092,"minZ":-300.549286,"maxX":319.037903,"maxY":80.832367,"maxZ":208.905502},"textureNames":["body_b","l_eye","body_a_02","body_a_01","l_eye_b","r_eye","r_eye_b","body_c"],"shaderNames":["shader"],"groups":[{"boneIndex":100000,"meshIndex":0,"bounding":{"minX":-319.037903,"minY":-58.840092,"minZ":-300.549286,"maxX":319.037903,"maxY":80.832367,"maxZ":208.905502},"layer":0}],"collisionGroups":[]}